{
  "formatVersion": 1,
  "database": {
    "version": 2,
    "identityHash": "1c17528985b980e6395d3f9e908f3696",
    "entities": [
      {
        "tableName": "tasks",
        "createSql": "CREATE TABLE IF NOT EXISTS `${TABLE_NAME}` (`uuid` INTEGER PRIMARY KEY AUTOINCREMENT NOT NULL, `title` TEXT NOT NULL, `comment` TEXT NOT NULL, `startTime` TEXT NOT NULL, `endTime` TEXT NOT NULL, `timeTake` TEXT NOT NULL)",
        "fields": [
          {
            "fieldPath": "uuid",
            "columnName": "uuid",
            "affinity": "INTEGER",
            "notNull": true
          },
          {
            "fieldPath": "title",
            "columnName": "title",
            "affinity": "TEXT",
            "notNull": true
          },
          {
            "fieldPath": "comment",
            "columnName": "comment",
            "affinity": "TEXT",
            "notNull": true
          },
          {
            "fieldPath": "startTime",
            "columnName": "startTime",
            "affinity": "TEXT",
            "notNull": true
          },
          {
            "fieldPath": "endTime",
            "columnName": "endTime",
            "affinity": "TEXT",
            "notNull": true
          },
          {
            "fieldPath": "timeTake",
            "columnName": "timeTake",
            "affinity": "TEXT",
            "notNull": true
          }
        ],
        "primaryKey": {
          "columnNames": [
            "uuid"
          ],
          "autoGenerate": true
        },
        "indices": [],
        "foreignKeys": []
      }
    ],
    "views": [],
    "setupQueries": [
      "CREATE TABLE IF NOT EXISTS room_master_table (id INTEGER PRIMARY KEY,identity_hash TEXT)",
      "INSERT OR REPLACE INTO room_master_table (id,identity_hash) VALUES(42, '1c17528985b980e6395d3f9e908f3696')"
    ]
  }
}